Cluster,Size,Percentage,Avg Income (k$),Std Income,Avg Spending Score,Std Spending,Min Income,Max Income,Min Spending,Max Spending
0,84,42.0%,54.70238095238095,9.354825778554227,49.36904761904762,6.979798322602962,38,76,34,65
1,21,10.5%,25.095238095238095,7.133756106741818,80.04761904761905,10.249274074178086,15,38,61,99
2,21,10.5%,25.142857142857142,7.226933750116396,19.523809523809526,12.769569482245858,15,39,3,40
3,39,19.5%,86.53846153846153,16.312484972924963,82.12820512820512,9.36448915958436,69,137,63,97
4,35,17.5%,88.2,16.399067405334545,17.114285714285714,9.952154447719373,70,137,1,39
